<?xml version="1.0" encoding="utf-8"?>
<ApplicationInstallerManifest>
   <DefaultInstallationDirectory>/Applications/Balance_Robotics/robotControlGUi/</DefaultInstallationDirectory>
   <ApplicationName>robotControlGUi</ApplicationName>
   <ExecutableName>application/robotControlGUi.exe</ExecutableName>
   <GUID>3a324d69-e181-418c-9f81-f4dfdf2f6c26</GUID>
   <ApplicationIcon>icon_48.png</ApplicationIcon>
   <Logo>default_logo.png</Logo>
   <Version>1.0</Version>
   <InstallationNotes>In the following directions, replace MR/v96 by the directory on the target machine where MATLAB is installed, or MR by the directory where the MATLAB Runtime is installed.

If the environment variable DYLD_LIBRARY_PATH is undefined, set it to the following string:

MR/v96/runtime/maci64:MR/v96/sys/os/maci64:MR/v96/bin/maci64

If it is defined, set it to the following:

${DYLD_LIBRARY_PATH}:MR/v96/runtime/maci64:MR/v96/sys/os/maci64:MR/v96/bin/maci64
</InstallationNotes>
   <AuthorOrganization>Balance Robotics</AuthorOrganization>
   <WelcomePanelText>robotControlGUi 1.0
Peter de Jersey
peter.dejersey@me.com</WelcomePanelText>
   <MCRProducts>
      <MCRProduct>
         <ExternalProductIdentifier>35000</ExternalProductIdentifier>
      </MCRProduct>
      <MCRProduct>
         <ExternalProductIdentifier>35010</ExternalProductIdentifier>
      </MCRProduct>
   </MCRProducts>
</ApplicationInstallerManifest>